{
  "plugins": ["plugins/markdown", "plugins/summarize"],
  "recurseDepth": 10,

  "source": {
    "include": ["client", "config", "server", "test", "testWeb", "testServer"],
    "exclude": [],
    "includePattern": ".+\\.js(doc|x)?$",
    "excludePattern": "(^|\\/|\\\\)_"
  },
  "sourceType": "module",
  "tags": {
    "allowUnknownTags": true,
    "dictionaries": ["jsdoc", "closure"]
  },
  "templates": {
    "cleverLinks": false,
    "monospaceLinks": false
  },
  "opts": {
    "template": "templates/default", // same as -t templates/default
    "encoding": "utf8", // same as -e utf8
    "destination": "./code_documentation/", // same as -d ./code_documentation/
    "recurse": true // same as -r
    //  "tutorials": "path/to/tutorials" // same as -u path/to/tutorials
  }
}
